ALTER TABLE TANKEM_NIVEAU 
DROP CONSTRAINT NIVEAU_STATUT_FK1;

ALTER TABLE TANKEM_NIVEAU_CASE 
DROP CONSTRAINT CASE_NIVEAU_FK1;

ALTER TABLE TANKEM_NIVEAU_CASE 
DROP CONSTRAINT CASE_TYPE_CASE_FK1;

ALTER TABLE TANKEM_NIVEAU_JOUEUR 
DROP CONSTRAINT JOUEUR_NIVEAU_FK1;

DROP TABLE TANKEM_NIVEAU CASCADE CONSTRAINTS;

DROP TABLE TANKEM_NIVEAU_CASE CASCADE CONSTRAINTS;

DROP TABLE TANKEM_NIVEAU_JOUEUR CASCADE CONSTRAINTS;

DROP TABLE TANKEM_NIVEAU_STATUT CASCADE CONSTRAINTS;

DROP TABLE TANKEM_NIVEAU_TYPE_CASE CASCADE CONSTRAINTS;

CREATE TABLE TANKEM_NIVEAU 
(
  ID NUMBER(6) GENERATED by default on null as IDENTITY
, NOM VARCHAR2(20) NOT NULL 
, DIMENSION_X NUMBER(2) NOT NULL 
, DIMENSION_Y NUMBER(2) NOT NULL 
, DATE_CREATION DATE DEFAULT SYSDATE NOT NULL 
, ID_STATUT NUMBER(6) NOT NULL 
, DELAI_MINIMUM_APPARITION_ITEM FLOAT 
, DELAI_MAXIMUM_APPARITION_ITEM FLOAT 
, CONSTRAINT NIVEAU_PK PRIMARY KEY 
  (
    ID 
  )
  ENABLE 
);

CREATE TABLE TANKEM_NIVEAU_CASE 
(
  ID_NIVEAU NUMBER(6) NOT NULL 
, POSITION_X NUMBER(6) NOT NULL 
, POSITION_Y NUMBER(6) NOT NULL 
, ARBRE NUMBER(1) 
, ID_TYPE NUMBER(6) 
, CONSTRAINT CASE_PK PRIMARY KEY 
  (
    ID_NIVEAU 
  , POSITION_X 
  , POSITION_Y 
  )
  ENABLE 
);

CREATE TABLE TANKEM_NIVEAU_JOUEUR 
(
  ID_NIVEAU NUMBER(6) NOT NULL 
, NUMERO_JOUEUR NUMBER(1) NOT NULL 
, POSITION_X NUMBER(2) 
, POSITION_Y NUMBER(2) 
, CONSTRAINT JOUEUR_PK PRIMARY KEY 
  (
    ID_NIVEAU 
  , NUMERO_JOUEUR 
  )
  ENABLE 
);

CREATE TABLE TANKEM_NIVEAU_STATUT 
(
  ID NUMBER(6) NOT NULL 
, NOM VARCHAR2(20) 
, CONSTRAINT STATUT_PK PRIMARY KEY 
  (
    ID 
  )
  ENABLE 
);

CREATE TABLE TANKEM_NIVEAU_TYPE_CASE 
(
  ID NUMBER(6) NOT NULL 
, NOM VARCHAR2(50) 
, CONSTRAINT TYPE_CASE_PK PRIMARY KEY 
  (
    ID 
  )
  ENABLE 
);

ALTER TABLE TANKEM_NIVEAU
ADD CONSTRAINT NIVEAU_STATUT_FK1 FOREIGN KEY
(
  ID_STATUT 
)
REFERENCES TANKEM_NIVEAU_STATUT
(
  ID 
)
ENABLE;

ALTER TABLE TANKEM_NIVEAU_CASE
ADD CONSTRAINT CASE_NIVEAU_FK1 FOREIGN KEY
(
  ID_NIVEAU 
)
REFERENCES TANKEM_NIVEAU
(
  ID 
)
ENABLE;

ALTER TABLE TANKEM_NIVEAU_CASE
ADD CONSTRAINT CASE_TYPE_CASE_FK1 FOREIGN KEY
(
  ID_TYPE 
)
REFERENCES TANKEM_NIVEAU_TYPE_CASE
(
  ID 
)
ENABLE;

ALTER TABLE TANKEM_NIVEAU_JOUEUR
ADD CONSTRAINT JOUEUR_NIVEAU_FK1 FOREIGN KEY
(
  ID_NIVEAU
)
REFERENCES TANKEM_NIVEAU
(
  ID 
)
ENABLE;

INSERT INTO TANKEM_NIVEAU_STATUT (id, nom) VALUES ( 1 , 'Actif' );
INSERT INTO TANKEM_NIVEAU_STATUT (id, nom) VALUES ( 2 , 'Developpement' );
INSERT INTO TANKEM_NIVEAU_STATUT (id, nom) VALUES ( 3 , 'Inactif' );

INSERT INTO TANKEM_NIVEAU_TYPE_CASE (id,nom) VALUES ( 1 , 'Plancher' );
INSERT INTO TANKEM_NIVEAU_TYPE_CASE (id,nom) VALUES ( 2 , 'AnimationMurImmobile' );
INSERT INTO TANKEM_NIVEAU_TYPE_CASE (id,nom) VALUES ( 3 , 'AnimationMurVerticale' );
INSERT INTO TANKEM_NIVEAU_TYPE_CASE (id,nom) VALUES ( 4 , 'AnimationMurVerticaleInverse' );

INSERT INTO TANKEM_NIVEAU ( NOM , DIMENSION_X , DIMENSION_Y , ID_STATUT , DELAI_MINIMUM_APPARITION_ITEM , DELAI_MAXIMUM_APPARITION_ITEM ) VALUES ( 'Test Level' , 6 , 6 , 1 , 5 , 20 );

INSERT INTO TANKEM_NIVEAU_JOUEUR ( ID_NIVEAU , NUMERO_JOUEUR , POSITION_X , POSITION_Y ) VALUES ( 1 , 0 , 1 , 1 );
INSERT INTO TANKEM_NIVEAU_JOUEUR ( ID_NIVEAU , NUMERO_JOUEUR , POSITION_X , POSITION_Y ) VALUES ( 1 , 1 , 4 , 4 );

INSERT INTO TANKEM_NIVEAU_CASE ( ID_NIVEAU , POSITION_X , POSITION_Y , ARBRE , ID_TYPE ) VALUES ( 1 , 0 , 0 , 1 , 2 );
INSERT INTO TANKEM_NIVEAU_CASE ( ID_NIVEAU , POSITION_X , POSITION_Y , ARBRE , ID_TYPE ) VALUES ( 1 , 0 , 1 , 0 , 2 );
INSERT INTO TANKEM_NIVEAU_CASE ( ID_NIVEAU , POSITION_X , POSITION_Y , ARBRE , ID_TYPE ) VALUES ( 1 , 0 , 2 , 0 , 3 );
INSERT INTO TANKEM_NIVEAU_CASE ( ID_NIVEAU , POSITION_X , POSITION_Y , ARBRE , ID_TYPE ) VALUES ( 1 , 0 , 3 , 0 , 3 );
INSERT INTO TANKEM_NIVEAU_CASE ( ID_NIVEAU , POSITION_X , POSITION_Y , ARBRE , ID_TYPE ) VALUES ( 1 , 0 , 4 , 0 , 4 );
INSERT INTO TANKEM_NIVEAU_CASE ( ID_NIVEAU , POSITION_X , POSITION_Y , ARBRE , ID_TYPE ) VALUES ( 1 , 0 , 5 , 0 , 4 );
INSERT INTO TANKEM_NIVEAU_CASE ( ID_NIVEAU , POSITION_X , POSITION_Y , ARBRE , ID_TYPE ) VALUES ( 1 , 1 , 0 , 0 , 1 );
INSERT INTO TANKEM_NIVEAU_CASE ( ID_NIVEAU , POSITION_X , POSITION_Y , ARBRE , ID_TYPE ) VALUES ( 1 , 1 , 1 , 0 , 1 ); --Joueur 1
INSERT INTO TANKEM_NIVEAU_CASE ( ID_NIVEAU , POSITION_X , POSITION_Y , ARBRE , ID_TYPE ) VALUES ( 1 , 1 , 2 , 0 , 1 );
INSERT INTO TANKEM_NIVEAU_CASE ( ID_NIVEAU , POSITION_X , POSITION_Y , ARBRE , ID_TYPE ) VALUES ( 1 , 1 , 3 , 0 , 1 );
INSERT INTO TANKEM_NIVEAU_CASE ( ID_NIVEAU , POSITION_X , POSITION_Y , ARBRE , ID_TYPE ) VALUES ( 1 , 1 , 4 , 0 , 1 );
INSERT INTO TANKEM_NIVEAU_CASE ( ID_NIVEAU , POSITION_X , POSITION_Y , ARBRE , ID_TYPE ) VALUES ( 1 , 1 , 5 , 0 , 1 );
INSERT INTO TANKEM_NIVEAU_CASE ( ID_NIVEAU , POSITION_X , POSITION_Y , ARBRE , ID_TYPE ) VALUES ( 1 , 2 , 0 , 0 , 1 );
INSERT INTO TANKEM_NIVEAU_CASE ( ID_NIVEAU , POSITION_X , POSITION_Y , ARBRE , ID_TYPE ) VALUES ( 1 , 2 , 1 , 0 , 1 );
INSERT INTO TANKEM_NIVEAU_CASE ( ID_NIVEAU , POSITION_X , POSITION_Y , ARBRE , ID_TYPE ) VALUES ( 1 , 2 , 2 , 0 , 1 );
INSERT INTO TANKEM_NIVEAU_CASE ( ID_NIVEAU , POSITION_X , POSITION_Y , ARBRE , ID_TYPE ) VALUES ( 1 , 2 , 3 , 0 , 1 );
INSERT INTO TANKEM_NIVEAU_CASE ( ID_NIVEAU , POSITION_X , POSITION_Y , ARBRE , ID_TYPE ) VALUES ( 1 , 2 , 4 , 0 , 1 );
INSERT INTO TANKEM_NIVEAU_CASE ( ID_NIVEAU , POSITION_X , POSITION_Y , ARBRE , ID_TYPE ) VALUES ( 1 , 2 , 5 , 0 , 1 );
INSERT INTO TANKEM_NIVEAU_CASE ( ID_NIVEAU , POSITION_X , POSITION_Y , ARBRE , ID_TYPE ) VALUES ( 1 , 3 , 0 , 0 , 1 );
INSERT INTO TANKEM_NIVEAU_CASE ( ID_NIVEAU , POSITION_X , POSITION_Y , ARBRE , ID_TYPE ) VALUES ( 1 , 3 , 1 , 0 , 1 );
INSERT INTO TANKEM_NIVEAU_CASE ( ID_NIVEAU , POSITION_X , POSITION_Y , ARBRE , ID_TYPE ) VALUES ( 1 , 3 , 2 , 0 , 1 );
INSERT INTO TANKEM_NIVEAU_CASE ( ID_NIVEAU , POSITION_X , POSITION_Y , ARBRE , ID_TYPE ) VALUES ( 1 , 3 , 3 , 0 , 1 );
INSERT INTO TANKEM_NIVEAU_CASE ( ID_NIVEAU , POSITION_X , POSITION_Y , ARBRE , ID_TYPE ) VALUES ( 1 , 3 , 4 , 0 , 1 );
INSERT INTO TANKEM_NIVEAU_CASE ( ID_NIVEAU , POSITION_X , POSITION_Y , ARBRE , ID_TYPE ) VALUES ( 1 , 3 , 5 , 0 , 1 );
INSERT INTO TANKEM_NIVEAU_CASE ( ID_NIVEAU , POSITION_X , POSITION_Y , ARBRE , ID_TYPE ) VALUES ( 1 , 4 , 0 , 0 , 1 );
INSERT INTO TANKEM_NIVEAU_CASE ( ID_NIVEAU , POSITION_X , POSITION_Y , ARBRE , ID_TYPE ) VALUES ( 1 , 4 , 1 , 0 , 1 );
INSERT INTO TANKEM_NIVEAU_CASE ( ID_NIVEAU , POSITION_X , POSITION_Y , ARBRE , ID_TYPE ) VALUES ( 1 , 4 , 2 , 0 , 1 );
INSERT INTO TANKEM_NIVEAU_CASE ( ID_NIVEAU , POSITION_X , POSITION_Y , ARBRE , ID_TYPE ) VALUES ( 1 , 4 , 3 , 0 , 1 );
INSERT INTO TANKEM_NIVEAU_CASE ( ID_NIVEAU , POSITION_X , POSITION_Y , ARBRE , ID_TYPE ) VALUES ( 1 , 4 , 4 , 0 , 1 ); --Joueur 2
INSERT INTO TANKEM_NIVEAU_CASE ( ID_NIVEAU , POSITION_X , POSITION_Y , ARBRE , ID_TYPE ) VALUES ( 1 , 4 , 5 , 0 , 1 );
INSERT INTO TANKEM_NIVEAU_CASE ( ID_NIVEAU , POSITION_X , POSITION_Y , ARBRE , ID_TYPE ) VALUES ( 1 , 5 , 0 , 0 , 2 );
INSERT INTO TANKEM_NIVEAU_CASE ( ID_NIVEAU , POSITION_X , POSITION_Y , ARBRE , ID_TYPE ) VALUES ( 1 , 5 , 1 , 0 , 2 );
INSERT INTO TANKEM_NIVEAU_CASE ( ID_NIVEAU , POSITION_X , POSITION_Y , ARBRE , ID_TYPE ) VALUES ( 1 , 5 , 2 , 0 , 3 );
INSERT INTO TANKEM_NIVEAU_CASE ( ID_NIVEAU , POSITION_X , POSITION_Y , ARBRE , ID_TYPE ) VALUES ( 1 , 5 , 3 , 0 , 3 );
INSERT INTO TANKEM_NIVEAU_CASE ( ID_NIVEAU , POSITION_X , POSITION_Y , ARBRE , ID_TYPE ) VALUES ( 1 , 5 , 4 , 0 , 4 );
INSERT INTO TANKEM_NIVEAU_CASE ( ID_NIVEAU , POSITION_X , POSITION_Y , ARBRE , ID_TYPE ) VALUES ( 1 , 5 , 5 , 1 , 4 );

-- NIVEAU RECTANGULAIRE TEST
INSERT INTO TANKEM_NIVEAU ( NOM , DIMENSION_X , DIMENSION_Y , ID_STATUT , DELAI_MINIMUM_APPARITION_ITEM , DELAI_MAXIMUM_APPARITION_ITEM ) VALUES ( 'Test Level Rectangle' , 12 , 8 , 1 , 6 , 17 );

INSERT INTO TANKEM_NIVEAU_JOUEUR ( ID_NIVEAU , NUMERO_JOUEUR , POSITION_X , POSITION_Y ) VALUES ( 2 , 0 , 1 , 1 );
INSERT INTO TANKEM_NIVEAU_JOUEUR ( ID_NIVEAU , NUMERO_JOUEUR , POSITION_X , POSITION_Y ) VALUES ( 2 , 1 , 4 , 4 );

INSERT INTO TANKEM_NIVEAU_CASE ( ID_NIVEAU , POSITION_X , POSITION_Y , ARBRE , ID_TYPE ) VALUES ( 2 , 0 , 0 , 1 , 2 );
INSERT INTO TANKEM_NIVEAU_CASE ( ID_NIVEAU , POSITION_X , POSITION_Y , ARBRE , ID_TYPE ) VALUES ( 2 , 0 , 1 , 0 , 2 );
INSERT INTO TANKEM_NIVEAU_CASE ( ID_NIVEAU , POSITION_X , POSITION_Y , ARBRE , ID_TYPE ) VALUES ( 2 , 0 , 2 , 0 , 3 );
INSERT INTO TANKEM_NIVEAU_CASE ( ID_NIVEAU , POSITION_X , POSITION_Y , ARBRE , ID_TYPE ) VALUES ( 2 , 0 , 3 , 0 , 3 );
INSERT INTO TANKEM_NIVEAU_CASE ( ID_NIVEAU , POSITION_X , POSITION_Y , ARBRE , ID_TYPE ) VALUES ( 2 , 0 , 4 , 0 , 4 );
INSERT INTO TANKEM_NIVEAU_CASE ( ID_NIVEAU , POSITION_X , POSITION_Y , ARBRE , ID_TYPE ) VALUES ( 2 , 0 , 5 , 0 , 4 );
INSERT INTO TANKEM_NIVEAU_CASE ( ID_NIVEAU , POSITION_X , POSITION_Y , ARBRE , ID_TYPE ) VALUES ( 2 , 0 , 6 , 0 , 4 );
INSERT INTO TANKEM_NIVEAU_CASE ( ID_NIVEAU , POSITION_X , POSITION_Y , ARBRE , ID_TYPE ) VALUES ( 2 , 0 , 7 , 0 , 4 );
INSERT INTO TANKEM_NIVEAU_CASE ( ID_NIVEAU , POSITION_X , POSITION_Y , ARBRE , ID_TYPE ) VALUES ( 2 , 1 , 0 , 0 , 1 );
INSERT INTO TANKEM_NIVEAU_CASE ( ID_NIVEAU , POSITION_X , POSITION_Y , ARBRE , ID_TYPE ) VALUES ( 2 , 1 , 1 , 0 , 1 ); 
INSERT INTO TANKEM_NIVEAU_CASE ( ID_NIVEAU , POSITION_X , POSITION_Y , ARBRE , ID_TYPE ) VALUES ( 2 , 1 , 2 , 0 , 1 );
INSERT INTO TANKEM_NIVEAU_CASE ( ID_NIVEAU , POSITION_X , POSITION_Y , ARBRE , ID_TYPE ) VALUES ( 2 , 1 , 3 , 0 , 1 );
INSERT INTO TANKEM_NIVEAU_CASE ( ID_NIVEAU , POSITION_X , POSITION_Y , ARBRE , ID_TYPE ) VALUES ( 2 , 1 , 4 , 0 , 1 );
INSERT INTO TANKEM_NIVEAU_CASE ( ID_NIVEAU , POSITION_X , POSITION_Y , ARBRE , ID_TYPE ) VALUES ( 2 , 1 , 5 , 0 , 1 );
INSERT INTO TANKEM_NIVEAU_CASE ( ID_NIVEAU , POSITION_X , POSITION_Y , ARBRE , ID_TYPE ) VALUES ( 2 , 1 , 6 , 0 , 1 );
INSERT INTO TANKEM_NIVEAU_CASE ( ID_NIVEAU , POSITION_X , POSITION_Y , ARBRE , ID_TYPE ) VALUES ( 2 , 1 , 7 , 0 , 1 );
INSERT INTO TANKEM_NIVEAU_CASE ( ID_NIVEAU , POSITION_X , POSITION_Y , ARBRE , ID_TYPE ) VALUES ( 2 , 2 , 0 , 0 , 1 );
INSERT INTO TANKEM_NIVEAU_CASE ( ID_NIVEAU , POSITION_X , POSITION_Y , ARBRE , ID_TYPE ) VALUES ( 2 , 2 , 1 , 0 , 1 );
INSERT INTO TANKEM_NIVEAU_CASE ( ID_NIVEAU , POSITION_X , POSITION_Y , ARBRE , ID_TYPE ) VALUES ( 2 , 2 , 2 , 0 , 1 );
INSERT INTO TANKEM_NIVEAU_CASE ( ID_NIVEAU , POSITION_X , POSITION_Y , ARBRE , ID_TYPE ) VALUES ( 2 , 2 , 3 , 0 , 1 );
INSERT INTO TANKEM_NIVEAU_CASE ( ID_NIVEAU , POSITION_X , POSITION_Y , ARBRE , ID_TYPE ) VALUES ( 2 , 2 , 4 , 0 , 1 );
INSERT INTO TANKEM_NIVEAU_CASE ( ID_NIVEAU , POSITION_X , POSITION_Y , ARBRE , ID_TYPE ) VALUES ( 2 , 2 , 5 , 0 , 1 );
INSERT INTO TANKEM_NIVEAU_CASE ( ID_NIVEAU , POSITION_X , POSITION_Y , ARBRE , ID_TYPE ) VALUES ( 2 , 2 , 6 , 0 , 1 );
INSERT INTO TANKEM_NIVEAU_CASE ( ID_NIVEAU , POSITION_X , POSITION_Y , ARBRE , ID_TYPE ) VALUES ( 2 , 2 , 7 , 0 , 1 );
INSERT INTO TANKEM_NIVEAU_CASE ( ID_NIVEAU , POSITION_X , POSITION_Y , ARBRE , ID_TYPE ) VALUES ( 2 , 3 , 0 , 0 , 1 );
INSERT INTO TANKEM_NIVEAU_CASE ( ID_NIVEAU , POSITION_X , POSITION_Y , ARBRE , ID_TYPE ) VALUES ( 2 , 3 , 1 , 0 , 1 );
INSERT INTO TANKEM_NIVEAU_CASE ( ID_NIVEAU , POSITION_X , POSITION_Y , ARBRE , ID_TYPE ) VALUES ( 2 , 3 , 2 , 0 , 1 );
INSERT INTO TANKEM_NIVEAU_CASE ( ID_NIVEAU , POSITION_X , POSITION_Y , ARBRE , ID_TYPE ) VALUES ( 2 , 3 , 3 , 0 , 1 );
INSERT INTO TANKEM_NIVEAU_CASE ( ID_NIVEAU , POSITION_X , POSITION_Y , ARBRE , ID_TYPE ) VALUES ( 2 , 3 , 4 , 0 , 1 );
INSERT INTO TANKEM_NIVEAU_CASE ( ID_NIVEAU , POSITION_X , POSITION_Y , ARBRE , ID_TYPE ) VALUES ( 2 , 3 , 5 , 0 , 1 );
INSERT INTO TANKEM_NIVEAU_CASE ( ID_NIVEAU , POSITION_X , POSITION_Y , ARBRE , ID_TYPE ) VALUES ( 2 , 3 , 6 , 0 , 1 );
INSERT INTO TANKEM_NIVEAU_CASE ( ID_NIVEAU , POSITION_X , POSITION_Y , ARBRE , ID_TYPE ) VALUES ( 2 , 3 , 7 , 0 , 1 );
INSERT INTO TANKEM_NIVEAU_CASE ( ID_NIVEAU , POSITION_X , POSITION_Y , ARBRE , ID_TYPE ) VALUES ( 2 , 4 , 0 , 0 , 1 );
INSERT INTO TANKEM_NIVEAU_CASE ( ID_NIVEAU , POSITION_X , POSITION_Y , ARBRE , ID_TYPE ) VALUES ( 2 , 4 , 1 , 0 , 1 );
INSERT INTO TANKEM_NIVEAU_CASE ( ID_NIVEAU , POSITION_X , POSITION_Y , ARBRE , ID_TYPE ) VALUES ( 2 , 4 , 2 , 0 , 1 );
INSERT INTO TANKEM_NIVEAU_CASE ( ID_NIVEAU , POSITION_X , POSITION_Y , ARBRE , ID_TYPE ) VALUES ( 2 , 4 , 3 , 0 , 1 );
INSERT INTO TANKEM_NIVEAU_CASE ( ID_NIVEAU , POSITION_X , POSITION_Y , ARBRE , ID_TYPE ) VALUES ( 2 , 4 , 4 , 0 , 1 ); 
INSERT INTO TANKEM_NIVEAU_CASE ( ID_NIVEAU , POSITION_X , POSITION_Y , ARBRE , ID_TYPE ) VALUES ( 2 , 4 , 5 , 0 , 1 );
INSERT INTO TANKEM_NIVEAU_CASE ( ID_NIVEAU , POSITION_X , POSITION_Y , ARBRE , ID_TYPE ) VALUES ( 2 , 4 , 6 , 0 , 1 );
INSERT INTO TANKEM_NIVEAU_CASE ( ID_NIVEAU , POSITION_X , POSITION_Y , ARBRE , ID_TYPE ) VALUES ( 2 , 4 , 7 , 0 , 1 );
INSERT INTO TANKEM_NIVEAU_CASE ( ID_NIVEAU , POSITION_X , POSITION_Y , ARBRE , ID_TYPE ) VALUES ( 2 , 5 , 0 , 0 , 2 );
INSERT INTO TANKEM_NIVEAU_CASE ( ID_NIVEAU , POSITION_X , POSITION_Y , ARBRE , ID_TYPE ) VALUES ( 2 , 5 , 1 , 0 , 2 );
INSERT INTO TANKEM_NIVEAU_CASE ( ID_NIVEAU , POSITION_X , POSITION_Y , ARBRE , ID_TYPE ) VALUES ( 2 , 5 , 2 , 0 , 3 );
INSERT INTO TANKEM_NIVEAU_CASE ( ID_NIVEAU , POSITION_X , POSITION_Y , ARBRE , ID_TYPE ) VALUES ( 2 , 5 , 3 , 0 , 3 );
INSERT INTO TANKEM_NIVEAU_CASE ( ID_NIVEAU , POSITION_X , POSITION_Y , ARBRE , ID_TYPE ) VALUES ( 2 , 5 , 4 , 0 , 4 );
INSERT INTO TANKEM_NIVEAU_CASE ( ID_NIVEAU , POSITION_X , POSITION_Y , ARBRE , ID_TYPE ) VALUES ( 2 , 5 , 5 , 1 , 4 );
INSERT INTO TANKEM_NIVEAU_CASE ( ID_NIVEAU , POSITION_X , POSITION_Y , ARBRE , ID_TYPE ) VALUES ( 2 , 5 , 6 , 0 , 4 );
INSERT INTO TANKEM_NIVEAU_CASE ( ID_NIVEAU , POSITION_X , POSITION_Y , ARBRE , ID_TYPE ) VALUES ( 2 , 5 , 7 , 0 , 4 );
INSERT INTO TANKEM_NIVEAU_CASE ( ID_NIVEAU , POSITION_X , POSITION_Y , ARBRE , ID_TYPE ) VALUES ( 2 , 6 , 0 , 0 , 1 );
INSERT INTO TANKEM_NIVEAU_CASE ( ID_NIVEAU , POSITION_X , POSITION_Y , ARBRE , ID_TYPE ) VALUES ( 2 , 6 , 1 , 0 , 1 );
INSERT INTO TANKEM_NIVEAU_CASE ( ID_NIVEAU , POSITION_X , POSITION_Y , ARBRE , ID_TYPE ) VALUES ( 2 , 6 , 2 , 0 , 1 );
INSERT INTO TANKEM_NIVEAU_CASE ( ID_NIVEAU , POSITION_X , POSITION_Y , ARBRE , ID_TYPE ) VALUES ( 2 , 6 , 3 , 0 , 1 );
INSERT INTO TANKEM_NIVEAU_CASE ( ID_NIVEAU , POSITION_X , POSITION_Y , ARBRE , ID_TYPE ) VALUES ( 2 , 6 , 4 , 0 , 1 ); 
INSERT INTO TANKEM_NIVEAU_CASE ( ID_NIVEAU , POSITION_X , POSITION_Y , ARBRE , ID_TYPE ) VALUES ( 2 , 6 , 5 , 0 , 1 );
INSERT INTO TANKEM_NIVEAU_CASE ( ID_NIVEAU , POSITION_X , POSITION_Y , ARBRE , ID_TYPE ) VALUES ( 2 , 6 , 6 , 0 , 1 );
INSERT INTO TANKEM_NIVEAU_CASE ( ID_NIVEAU , POSITION_X , POSITION_Y , ARBRE , ID_TYPE ) VALUES ( 2 , 6 , 7 , 0 , 1 );
INSERT INTO TANKEM_NIVEAU_CASE ( ID_NIVEAU , POSITION_X , POSITION_Y , ARBRE , ID_TYPE ) VALUES ( 2 , 7 , 0 , 0 , 1 );
INSERT INTO TANKEM_NIVEAU_CASE ( ID_NIVEAU , POSITION_X , POSITION_Y , ARBRE , ID_TYPE ) VALUES ( 2 , 7 , 1 , 0 , 1 );
INSERT INTO TANKEM_NIVEAU_CASE ( ID_NIVEAU , POSITION_X , POSITION_Y , ARBRE , ID_TYPE ) VALUES ( 2 , 7 , 2 , 0 , 1 );
INSERT INTO TANKEM_NIVEAU_CASE ( ID_NIVEAU , POSITION_X , POSITION_Y , ARBRE , ID_TYPE ) VALUES ( 2 , 7 , 3 , 0 , 1 );
INSERT INTO TANKEM_NIVEAU_CASE ( ID_NIVEAU , POSITION_X , POSITION_Y , ARBRE , ID_TYPE ) VALUES ( 2 , 7 , 4 , 0 , 1 ); 
INSERT INTO TANKEM_NIVEAU_CASE ( ID_NIVEAU , POSITION_X , POSITION_Y , ARBRE , ID_TYPE ) VALUES ( 2 , 7 , 5 , 0 , 1 );
INSERT INTO TANKEM_NIVEAU_CASE ( ID_NIVEAU , POSITION_X , POSITION_Y , ARBRE , ID_TYPE ) VALUES ( 2 , 7 , 6 , 0 , 1 );
INSERT INTO TANKEM_NIVEAU_CASE ( ID_NIVEAU , POSITION_X , POSITION_Y , ARBRE , ID_TYPE ) VALUES ( 2 , 7 , 7 , 0 , 1 );
INSERT INTO TANKEM_NIVEAU_CASE ( ID_NIVEAU , POSITION_X , POSITION_Y , ARBRE , ID_TYPE ) VALUES ( 2 , 8 , 0 , 0 , 1 );
INSERT INTO TANKEM_NIVEAU_CASE ( ID_NIVEAU , POSITION_X , POSITION_Y , ARBRE , ID_TYPE ) VALUES ( 2 , 8 , 1 , 0 , 1 );
INSERT INTO TANKEM_NIVEAU_CASE ( ID_NIVEAU , POSITION_X , POSITION_Y , ARBRE , ID_TYPE ) VALUES ( 2 , 8 , 2 , 0 , 1 );
INSERT INTO TANKEM_NIVEAU_CASE ( ID_NIVEAU , POSITION_X , POSITION_Y , ARBRE , ID_TYPE ) VALUES ( 2 , 8 , 3 , 0 , 1 );
INSERT INTO TANKEM_NIVEAU_CASE ( ID_NIVEAU , POSITION_X , POSITION_Y , ARBRE , ID_TYPE ) VALUES ( 2 , 8 , 4 , 0 , 1 ); 
INSERT INTO TANKEM_NIVEAU_CASE ( ID_NIVEAU , POSITION_X , POSITION_Y , ARBRE , ID_TYPE ) VALUES ( 2 , 8 , 5 , 0 , 1 );
INSERT INTO TANKEM_NIVEAU_CASE ( ID_NIVEAU , POSITION_X , POSITION_Y , ARBRE , ID_TYPE ) VALUES ( 2 , 8 , 6 , 0 , 1 );
INSERT INTO TANKEM_NIVEAU_CASE ( ID_NIVEAU , POSITION_X , POSITION_Y , ARBRE , ID_TYPE ) VALUES ( 2 , 8 , 7 , 0 , 1 );
INSERT INTO TANKEM_NIVEAU_CASE ( ID_NIVEAU , POSITION_X , POSITION_Y , ARBRE , ID_TYPE ) VALUES ( 2 , 9 , 0 , 0 , 1 );
INSERT INTO TANKEM_NIVEAU_CASE ( ID_NIVEAU , POSITION_X , POSITION_Y , ARBRE , ID_TYPE ) VALUES ( 2 , 9 , 1 , 0 , 1 );
INSERT INTO TANKEM_NIVEAU_CASE ( ID_NIVEAU , POSITION_X , POSITION_Y , ARBRE , ID_TYPE ) VALUES ( 2 , 9 , 2 , 0 , 1 );
INSERT INTO TANKEM_NIVEAU_CASE ( ID_NIVEAU , POSITION_X , POSITION_Y , ARBRE , ID_TYPE ) VALUES ( 2 , 9 , 3 , 0 , 1 );
INSERT INTO TANKEM_NIVEAU_CASE ( ID_NIVEAU , POSITION_X , POSITION_Y , ARBRE , ID_TYPE ) VALUES ( 2 , 9 , 4 , 0 , 1 ); 
INSERT INTO TANKEM_NIVEAU_CASE ( ID_NIVEAU , POSITION_X , POSITION_Y , ARBRE , ID_TYPE ) VALUES ( 2 , 9 , 5 , 0 , 1 );
INSERT INTO TANKEM_NIVEAU_CASE ( ID_NIVEAU , POSITION_X , POSITION_Y , ARBRE , ID_TYPE ) VALUES ( 2 , 9 , 6 , 0 , 1 );
INSERT INTO TANKEM_NIVEAU_CASE ( ID_NIVEAU , POSITION_X , POSITION_Y , ARBRE , ID_TYPE ) VALUES ( 2 , 9 , 7 , 0 , 1 );
INSERT INTO TANKEM_NIVEAU_CASE ( ID_NIVEAU , POSITION_X , POSITION_Y , ARBRE , ID_TYPE ) VALUES ( 2 , 10 , 0 , 0 , 1 );
INSERT INTO TANKEM_NIVEAU_CASE ( ID_NIVEAU , POSITION_X , POSITION_Y , ARBRE , ID_TYPE ) VALUES ( 2 , 10 , 1 , 0 , 1 );
INSERT INTO TANKEM_NIVEAU_CASE ( ID_NIVEAU , POSITION_X , POSITION_Y , ARBRE , ID_TYPE ) VALUES ( 2 , 10 , 2 , 0 , 1 );
INSERT INTO TANKEM_NIVEAU_CASE ( ID_NIVEAU , POSITION_X , POSITION_Y , ARBRE , ID_TYPE ) VALUES ( 2 , 10 , 3 , 0 , 1 );
INSERT INTO TANKEM_NIVEAU_CASE ( ID_NIVEAU , POSITION_X , POSITION_Y , ARBRE , ID_TYPE ) VALUES ( 2 , 10 , 4 , 0 , 1 ); 
INSERT INTO TANKEM_NIVEAU_CASE ( ID_NIVEAU , POSITION_X , POSITION_Y , ARBRE , ID_TYPE ) VALUES ( 2 , 10 , 5 , 0 , 1 );
INSERT INTO TANKEM_NIVEAU_CASE ( ID_NIVEAU , POSITION_X , POSITION_Y , ARBRE , ID_TYPE ) VALUES ( 2 , 10 , 6 , 0 , 1 );
INSERT INTO TANKEM_NIVEAU_CASE ( ID_NIVEAU , POSITION_X , POSITION_Y , ARBRE , ID_TYPE ) VALUES ( 2 , 10 , 7 , 0 , 1 );
INSERT INTO TANKEM_NIVEAU_CASE ( ID_NIVEAU , POSITION_X , POSITION_Y , ARBRE , ID_TYPE ) VALUES ( 2 , 11 , 0 , 0 , 1 );
INSERT INTO TANKEM_NIVEAU_CASE ( ID_NIVEAU , POSITION_X , POSITION_Y , ARBRE , ID_TYPE ) VALUES ( 2 , 11 , 1 , 0 , 1 );
INSERT INTO TANKEM_NIVEAU_CASE ( ID_NIVEAU , POSITION_X , POSITION_Y , ARBRE , ID_TYPE ) VALUES ( 2 , 11 , 2 , 0 , 1 );
INSERT INTO TANKEM_NIVEAU_CASE ( ID_NIVEAU , POSITION_X , POSITION_Y , ARBRE , ID_TYPE ) VALUES ( 2 , 11 , 3 , 0 , 1 );
INSERT INTO TANKEM_NIVEAU_CASE ( ID_NIVEAU , POSITION_X , POSITION_Y , ARBRE , ID_TYPE ) VALUES ( 2 , 11 , 4 , 0 , 1 ); 
INSERT INTO TANKEM_NIVEAU_CASE ( ID_NIVEAU , POSITION_X , POSITION_Y , ARBRE , ID_TYPE ) VALUES ( 2 , 11 , 5 , 0 , 1 );
INSERT INTO TANKEM_NIVEAU_CASE ( ID_NIVEAU , POSITION_X , POSITION_Y , ARBRE , ID_TYPE ) VALUES ( 2 , 11 , 6 , 0 , 1 );
INSERT INTO TANKEM_NIVEAU_CASE ( ID_NIVEAU , POSITION_X , POSITION_Y , ARBRE , ID_TYPE ) VALUES ( 2 , 11 , 7 , 0 , 1 );

-- Niveau Simple
INSERT INTO TANKEM_NIVEAU ( NOM , DIMENSION_X , DIMENSION_Y , ID_STATUT , DELAI_MINIMUM_APPARITION_ITEM , DELAI_MAXIMUM_APPARITION_ITEM ) VALUES ( 'Level +' , 7 , 7 , 1 , 20 , 30 );

INSERT INTO TANKEM_NIVEAU_JOUEUR ( ID_NIVEAU , NUMERO_JOUEUR , POSITION_X , POSITION_Y ) VALUES ( 3 , 0 , 1 , 1 );
INSERT INTO TANKEM_NIVEAU_JOUEUR ( ID_NIVEAU , NUMERO_JOUEUR , POSITION_X , POSITION_Y ) VALUES ( 3 , 1 , 5 , 5 );

INSERT INTO TANKEM_NIVEAU_CASE ( ID_NIVEAU , POSITION_X , POSITION_Y , ARBRE , ID_TYPE ) VALUES ( 3 , 0 , 0 , 1 , 1 );
INSERT INTO TANKEM_NIVEAU_CASE ( ID_NIVEAU , POSITION_X , POSITION_Y , ARBRE , ID_TYPE ) VALUES ( 3 , 0 , 1 , 0 , 1 );
INSERT INTO TANKEM_NIVEAU_CASE ( ID_NIVEAU , POSITION_X , POSITION_Y , ARBRE , ID_TYPE ) VALUES ( 3 , 0 , 2 , 0 , 1 );
INSERT INTO TANKEM_NIVEAU_CASE ( ID_NIVEAU , POSITION_X , POSITION_Y , ARBRE , ID_TYPE ) VALUES ( 3 , 0 , 3 , 0 , 4 );
INSERT INTO TANKEM_NIVEAU_CASE ( ID_NIVEAU , POSITION_X , POSITION_Y , ARBRE , ID_TYPE ) VALUES ( 3 , 0 , 4 , 0 , 1 );
INSERT INTO TANKEM_NIVEAU_CASE ( ID_NIVEAU , POSITION_X , POSITION_Y , ARBRE , ID_TYPE ) VALUES ( 3 , 0 , 5 , 0 , 1 );
INSERT INTO TANKEM_NIVEAU_CASE ( ID_NIVEAU , POSITION_X , POSITION_Y , ARBRE , ID_TYPE ) VALUES ( 3 , 0 , 6 , 1 , 1 );
INSERT INTO TANKEM_NIVEAU_CASE ( ID_NIVEAU , POSITION_X , POSITION_Y , ARBRE , ID_TYPE ) VALUES ( 3 , 1 , 0 , 0 , 1 );
INSERT INTO TANKEM_NIVEAU_CASE ( ID_NIVEAU , POSITION_X , POSITION_Y , ARBRE , ID_TYPE ) VALUES ( 3 , 1 , 1 , 0 , 1 ); --Joueur 1
INSERT INTO TANKEM_NIVEAU_CASE ( ID_NIVEAU , POSITION_X , POSITION_Y , ARBRE , ID_TYPE ) VALUES ( 3 , 1 , 2 , 0 , 1 );
INSERT INTO TANKEM_NIVEAU_CASE ( ID_NIVEAU , POSITION_X , POSITION_Y , ARBRE , ID_TYPE ) VALUES ( 3 , 1 , 3 , 0 , 4 );
INSERT INTO TANKEM_NIVEAU_CASE ( ID_NIVEAU , POSITION_X , POSITION_Y , ARBRE , ID_TYPE ) VALUES ( 3 , 1 , 4 , 0 , 1 );
INSERT INTO TANKEM_NIVEAU_CASE ( ID_NIVEAU , POSITION_X , POSITION_Y , ARBRE , ID_TYPE ) VALUES ( 3 , 1 , 5 , 0 , 1 );
INSERT INTO TANKEM_NIVEAU_CASE ( ID_NIVEAU , POSITION_X , POSITION_Y , ARBRE , ID_TYPE ) VALUES ( 3 , 1 , 6 , 0 , 1 );
INSERT INTO TANKEM_NIVEAU_CASE ( ID_NIVEAU , POSITION_X , POSITION_Y , ARBRE , ID_TYPE ) VALUES ( 3 , 2 , 0 , 0 , 1 );
INSERT INTO TANKEM_NIVEAU_CASE ( ID_NIVEAU , POSITION_X , POSITION_Y , ARBRE , ID_TYPE ) VALUES ( 3 , 2 , 1 , 0 , 1 );
INSERT INTO TANKEM_NIVEAU_CASE ( ID_NIVEAU , POSITION_X , POSITION_Y , ARBRE , ID_TYPE ) VALUES ( 3 , 2 , 2 , 0 , 1 );
INSERT INTO TANKEM_NIVEAU_CASE ( ID_NIVEAU , POSITION_X , POSITION_Y , ARBRE , ID_TYPE ) VALUES ( 3 , 2 , 3 , 0 , 4 );
INSERT INTO TANKEM_NIVEAU_CASE ( ID_NIVEAU , POSITION_X , POSITION_Y , ARBRE , ID_TYPE ) VALUES ( 3 , 2 , 4 , 0 , 1 );
INSERT INTO TANKEM_NIVEAU_CASE ( ID_NIVEAU , POSITION_X , POSITION_Y , ARBRE , ID_TYPE ) VALUES ( 3 , 2 , 5 , 0 , 1 );
INSERT INTO TANKEM_NIVEAU_CASE ( ID_NIVEAU , POSITION_X , POSITION_Y , ARBRE , ID_TYPE ) VALUES ( 3 , 2 , 6 , 0 , 1 );
INSERT INTO TANKEM_NIVEAU_CASE ( ID_NIVEAU , POSITION_X , POSITION_Y , ARBRE , ID_TYPE ) VALUES ( 3 , 3 , 0 , 0 , 3 );
INSERT INTO TANKEM_NIVEAU_CASE ( ID_NIVEAU , POSITION_X , POSITION_Y , ARBRE , ID_TYPE ) VALUES ( 3 , 3 , 1 , 0 , 3 );
INSERT INTO TANKEM_NIVEAU_CASE ( ID_NIVEAU , POSITION_X , POSITION_Y , ARBRE , ID_TYPE ) VALUES ( 3 , 3 , 2 , 0 , 3 );
INSERT INTO TANKEM_NIVEAU_CASE ( ID_NIVEAU , POSITION_X , POSITION_Y , ARBRE , ID_TYPE ) VALUES ( 3 , 3 , 3 , 0 , 3 );
INSERT INTO TANKEM_NIVEAU_CASE ( ID_NIVEAU , POSITION_X , POSITION_Y , ARBRE , ID_TYPE ) VALUES ( 3 , 3 , 4 , 0 , 3 );
INSERT INTO TANKEM_NIVEAU_CASE ( ID_NIVEAU , POSITION_X , POSITION_Y , ARBRE , ID_TYPE ) VALUES ( 3 , 3 , 5 , 0 , 3 );
INSERT INTO TANKEM_NIVEAU_CASE ( ID_NIVEAU , POSITION_X , POSITION_Y , ARBRE , ID_TYPE ) VALUES ( 3 , 3 , 6 , 0 , 3 );
INSERT INTO TANKEM_NIVEAU_CASE ( ID_NIVEAU , POSITION_X , POSITION_Y , ARBRE , ID_TYPE ) VALUES ( 3 , 4 , 0 , 0 , 1 );
INSERT INTO TANKEM_NIVEAU_CASE ( ID_NIVEAU , POSITION_X , POSITION_Y , ARBRE , ID_TYPE ) VALUES ( 3 , 4 , 1 , 0 , 1 );
INSERT INTO TANKEM_NIVEAU_CASE ( ID_NIVEAU , POSITION_X , POSITION_Y , ARBRE , ID_TYPE ) VALUES ( 3 , 4 , 2 , 0 , 1 );
INSERT INTO TANKEM_NIVEAU_CASE ( ID_NIVEAU , POSITION_X , POSITION_Y , ARBRE , ID_TYPE ) VALUES ( 3 , 4 , 3 , 0 , 4 );
INSERT INTO TANKEM_NIVEAU_CASE ( ID_NIVEAU , POSITION_X , POSITION_Y , ARBRE , ID_TYPE ) VALUES ( 3 , 4 , 4 , 0 , 1 ); --Joueur 2
INSERT INTO TANKEM_NIVEAU_CASE ( ID_NIVEAU , POSITION_X , POSITION_Y , ARBRE , ID_TYPE ) VALUES ( 3 , 4 , 5 , 0 , 1 );
INSERT INTO TANKEM_NIVEAU_CASE ( ID_NIVEAU , POSITION_X , POSITION_Y , ARBRE , ID_TYPE ) VALUES ( 3 , 4 , 6 , 0 , 1 );
INSERT INTO TANKEM_NIVEAU_CASE ( ID_NIVEAU , POSITION_X , POSITION_Y , ARBRE , ID_TYPE ) VALUES ( 3 , 5 , 0 , 0 , 1 );
INSERT INTO TANKEM_NIVEAU_CASE ( ID_NIVEAU , POSITION_X , POSITION_Y , ARBRE , ID_TYPE ) VALUES ( 3 , 5 , 1 , 0 , 1 );
INSERT INTO TANKEM_NIVEAU_CASE ( ID_NIVEAU , POSITION_X , POSITION_Y , ARBRE , ID_TYPE ) VALUES ( 3 , 5 , 2 , 0 , 1 );
INSERT INTO TANKEM_NIVEAU_CASE ( ID_NIVEAU , POSITION_X , POSITION_Y , ARBRE , ID_TYPE ) VALUES ( 3 , 5 , 3 , 0 , 4 );
INSERT INTO TANKEM_NIVEAU_CASE ( ID_NIVEAU , POSITION_X , POSITION_Y , ARBRE , ID_TYPE ) VALUES ( 3 , 5 , 4 , 0 , 1 );
INSERT INTO TANKEM_NIVEAU_CASE ( ID_NIVEAU , POSITION_X , POSITION_Y , ARBRE , ID_TYPE ) VALUES ( 3 , 5 , 5 , 0 , 1 );
INSERT INTO TANKEM_NIVEAU_CASE ( ID_NIVEAU , POSITION_X , POSITION_Y , ARBRE , ID_TYPE ) VALUES ( 3 , 5 , 6 , 0 , 1 );
INSERT INTO TANKEM_NIVEAU_CASE ( ID_NIVEAU , POSITION_X , POSITION_Y , ARBRE , ID_TYPE ) VALUES ( 3 , 6 , 0 , 1 , 1 );
INSERT INTO TANKEM_NIVEAU_CASE ( ID_NIVEAU , POSITION_X , POSITION_Y , ARBRE , ID_TYPE ) VALUES ( 3 , 6 , 1 , 0 , 1 );
INSERT INTO TANKEM_NIVEAU_CASE ( ID_NIVEAU , POSITION_X , POSITION_Y , ARBRE , ID_TYPE ) VALUES ( 3 , 6 , 2 , 0 , 1 );
INSERT INTO TANKEM_NIVEAU_CASE ( ID_NIVEAU , POSITION_X , POSITION_Y , ARBRE , ID_TYPE ) VALUES ( 3 , 6 , 3 , 0 , 4 );
INSERT INTO TANKEM_NIVEAU_CASE ( ID_NIVEAU , POSITION_X , POSITION_Y , ARBRE , ID_TYPE ) VALUES ( 3 , 6 , 4 , 0 , 1 );
INSERT INTO TANKEM_NIVEAU_CASE ( ID_NIVEAU , POSITION_X , POSITION_Y , ARBRE , ID_TYPE ) VALUES ( 3 , 6 , 5 , 0 , 1 );
INSERT INTO TANKEM_NIVEAU_CASE ( ID_NIVEAU , POSITION_X , POSITION_Y , ARBRE , ID_TYPE ) VALUES ( 3 , 6 , 6 , 1 , 1 );